title,company,location,job_type,visa_sponsor,match_score,match_reasons,url,source,date_posted
Growth Operations Analyst,NoGood,"New York, NY",fulltime,Unknown,61,role: operations analyst; skills matched: 1; preferred location; job type: fulltime,https://www.linkedin.com/jobs/view/growth-operations-analyst-at-nogood-4380155001,LinkedIn,2026-03-03
"Product Manager, PaymentsLocationHerzliya",Papaya Global,LocationHerzliya,fulltime,Yes,60,role: product manager; job type: fulltime; visa sponsor: yes,https://www.papayaglobal.com/positions/product-manager-payments/,Papaya Global Careers,2026-03-03
Business Analyst,Mayzax Solutions,United States,fulltime,Unknown,55,role: business analyst; preferred location; job type: fulltime,https://www.linkedin.com/jobs/view/business-analyst-at-mayzax-solutions-4378132319,LinkedIn,2026-03-03
Business Analyst,Perfict,"California, United States",fulltime,Unknown,55,role: business analyst; preferred location; job type: fulltime,https://www.linkedin.com/jobs/view/business-analyst-at-perfict-4330490679,LinkedIn,2026-03-03
Business Analyst,ATC,"California, United States",fulltime,Unknown,55,role: business analyst; preferred location; job type: fulltime,https://www.linkedin.com/jobs/view/business-analyst-at-atc-4379426783,LinkedIn,2026-03-03
Business Analyst,ATC,"Washington, United States",fulltime,Unknown,55,role: business analyst; preferred location; job type: fulltime,https://www.linkedin.com/jobs/view/business-analyst-at-atc-4379428736,LinkedIn,2026-03-03
Business Analyst,ATC,"Texas, United States",fulltime,Unknown,55,role: business analyst; preferred location; job type: fulltime,https://www.linkedin.com/jobs/view/business-analyst-at-atc-4379440361,LinkedIn,2026-03-03
Business Analyst,ATC,"New York, United States",fulltime,Unknown,55,role: business analyst; preferred location; job type: fulltime,https://www.linkedin.com/jobs/view/business-analyst-at-atc-4379426777,LinkedIn,2026-03-03
"Data Analyst, New Grad",Jobright.ai,United States,new_grad,Unknown,55,role: data analyst; preferred location; job type: new_grad,https://www.linkedin.com/jobs/view/data-analyst-new-grad-at-jobright-ai-4379442780,LinkedIn,2026-03-03
Financial Crimes Risk Analyst,Origin Bank,"Oxford, MS",fulltime,Unknown,51,role: risk analyst; skills matched: 1; job type: fulltime,https://www.linkedin.com/jobs/view/financial-crimes-risk-analyst-at-origin-bank-4309666839,LinkedIn,2026-03-03
Operations Analyst – Supply Chain Periop Services,Cleveland Clinic,"Cleveland, OH",fulltime,Unknown,51,role: operations analyst; skills matched: 1; job type: fulltime,https://www.linkedin.com/jobs/view/operations-analyst-%E2%80%93-supply-chain-periop-services-at-cleveland-clinic-4379437943,LinkedIn,2026-03-03
Product Manager Intern (TikTok Shop Seller Risk/Performance Score Product) - 2026 Summer (BS/MS）,TikTok,"Seattle, WA",intern,Unknown,51,role: product manager; skills matched: 1; job type: intern,https://www.linkedin.com/jobs/view/product-manager-intern-tiktok-shop-seller-risk-performance-score-product-2026-summer-bs-ms%EF%BC%89-at-tiktok-4273519009,LinkedIn,2026-03-03
Technical Product Manager,Wolters Kluwer,"St Cloud, MN",fulltime,Unknown,45,role: product manager; job type: fulltime,https://www.linkedin.com/jobs/view/technical-product-manager-at-wolters-kluwer-4370487638,LinkedIn,2026-03-03
"Research Scientist Graduate- CV/NLP/Multimodal LLM, Trust and Safety, San Jose - 2026 Start (BS/MS)",TikTok,"San Jose, CA",fulltime,Unknown,45,role: trust and safety; job type: fulltime,https://www.linkedin.com/jobs/view/research-scientist-graduate-cv-nlp-multimodal-llm-trust-and-safety-san-jose-2026-start-bs-ms-at-tiktok-4274024684,LinkedIn,2026-03-03
Business Analyst,Akkodis,San Diego Metropolitan Area,fulltime,Unknown,45,role: business analyst; job type: fulltime,https://www.linkedin.com/jobs/view/business-analyst-at-akkodis-4378540009,LinkedIn,2026-03-03
Product Manager Intern [TikTok-Product-Privacy and Responsibility]- 2026 Summer (BS/MS),TikTok,"San Jose, CA",intern,Unknown,45,role: product manager; job type: intern,https://www.linkedin.com/jobs/view/product-manager-intern-tiktok-product-privacy-and-responsibility-2026-summer-bs-ms-at-tiktok-4277127344,LinkedIn,2026-03-03
Product Manager Intern (TikTok-Product-Content Ecosystem) - 2026 Summer (BS/MS),TikTok,"San Jose, CA",intern,Unknown,45,role: product manager; job type: intern,https://www.linkedin.com/jobs/view/product-manager-intern-tiktok-product-content-ecosystem-2026-summer-bs-ms-at-tiktok-4379125881,LinkedIn,2026-03-03
B2B Product Manager Intern,Docusign,"Chicago, IL",intern,Unknown,45,role: product manager; job type: intern,https://www.linkedin.com/jobs/view/b2b-product-manager-intern-at-docusign-4379155336,LinkedIn,2026-03-03
B2B Product Manager Intern,Docusign,"San Francisco, CA",intern,Unknown,45,role: product manager; job type: intern,https://www.linkedin.com/jobs/view/b2b-product-manager-intern-at-docusign-4379157304,LinkedIn,2026-03-03
BXP Product Manager Intern,Docusign,"Seattle, WA",intern,Unknown,45,role: product manager; job type: intern,https://www.linkedin.com/jobs/view/bxp-product-manager-intern-at-docusign-4379157305,LinkedIn,2026-03-03
B2B Product Manager Intern,Docusign,"Seattle, WA",intern,Unknown,45,role: product manager; job type: intern,https://www.linkedin.com/jobs/view/b2b-product-manager-intern-at-docusign-4379159105,LinkedIn,2026-03-03
BXP Product Manager Intern,Docusign,"San Francisco, CA",intern,Unknown,45,role: product manager; job type: intern,https://www.linkedin.com/jobs/view/bxp-product-manager-intern-at-docusign-4379163110,LinkedIn,2026-03-03
Business Analyst Intern Remote,Lensa,"Endicott, NY",intern,Unknown,45,role: business analyst; job type: intern,https://www.linkedin.com/jobs/view/business-analyst-intern-remote-at-lensa-4380169068,LinkedIn,2026-03-03
Business Analyst - Entry Level,Luminator Technology Group,"Plano, TX",new_grad,Unknown,45,role: business analyst; job type: new_grad,https://www.linkedin.com/jobs/view/business-analyst-entry-level-at-luminator-technology-group-4379466837,LinkedIn,2026-03-03
Business Analyst - Entry Level,Lensa,"Burlington, MA",new_grad,Unknown,45,role: business analyst; job type: new_grad,https://www.linkedin.com/jobs/view/business-analyst-entry-level-at-lensa-4380187670,LinkedIn,2026-03-03
"Governance, Risk & Compliance (GRC) Analyst",Alignerr,United States,fulltime,Unknown,43,skills matched: 3; preferred location; job type: fulltime,https://www.linkedin.com/jobs/view/governance-risk-compliance-grc-analyst-at-alignerr-4380165087,LinkedIn,2026-03-03
"Director, Global Success Plans Go-to-Market Strategy",Salesforce,Washington - SeattleGeorgia - Atlanta,fulltime,Yes,36,skills matched: 1; job type: fulltime; visa sponsor: yes,https://careers.salesforce.com/en/jobs/jr331214/director-global-success-plans-go-to-market-strategy/,Salesforce Careers,2026-03-03
UKI Sales Strategy Intern - Intl Data Foundations team,Salesforce,United Kingdom - London,intern,Yes,36,skills matched: 1; job type: intern; visa sponsor: yes,https://careers.salesforce.com/en/jobs/jr331803/uki-sales-strategy-intern-intl-data-foundations-team/,Salesforce Careers,2026-03-03
Customer Onboarding and Risk Management Analyst,Lensa,United States,fulltime,Unknown,31,skills matched: 1; preferred location; job type: fulltime,https://www.linkedin.com/jobs/view/customer-onboarding-and-risk-management-analyst-at-lensa-4379996883,LinkedIn,2026-03-03
